GSM300173,c
GSM300177,c
GSM300181,c
GSM300186,c
GSM300189,c
GSM300192,c
GSM300196,c
GSM300204,c
GSM300208,c
GSM300214,c
GSM300218,c
GSM300222,c
GSM300228,c
GSM300230,c
GSM300234,c
GSM300238,c
GSM300242,c
GSM300248,c
GSM300252,c
GSM300258,c
GSM300261,c
GSM300267,c
GSM300271,c
GSM300275,c
GSM300279,c
GSM300285,c
GSM300289,c
GSM300293,c
GSM300297,c
GSM300300,c
GSM300304,c
GSM300308,c
GSM300312,c
GSM300316,c
GSM300320,c
GSM300324,c
GSM300328,c
GSM300332,c
GSM300338,c
GSM1176196,d
GSM1176197,d
GSM1176198,d
GSM1176199,d
GSM1176200,d
GSM1176201,d
GSM1176202,d
GSM1176203,d
GSM1176204,d
GSM1176205,d
GSM1176206,d
GSM1176207,d
GSM1176208,d
GSM1176209,d
GSM1176210,d
